genre_bota,nom_bota,resume,lien_image
Ficus,Ficus,"Ficus est un genre de plantes à fleurs de la famille des Moraceae, représenté par des arbres, des arbustes ou des lianes. Avec plus de 750 espèces connues il s'agit, avec Dorstenia, d'un des principaux genres de sa famille. Ce sont principalement des plantes tropicales dont toutes ont en commun de produire des inflorescences et infrutescences particulières, les sycones ou figues.
Ficus était  en latin le nom commun du figuier, l'arbre cultivé dans le bassin méditerranéen pour ses fruits comestibles, les figues.
Par extension, tous les représentants du genre Ficus peuvent être appelés « figuiers », mais dans l'usage courant du français de nombreuses espèces sont connues surtout sous leur nom scientifique, notamment en horticulture (Ficus benjamina, Ficus lyrata…) tandis que d'autres possèdent des appellations populaires ou vernaculaires spécifiques : Caoutchouc (Ficus elastica), Banyan (Ficus benghalensis), Affouches (Ficus densifolia, Ficus reflexa…), etc.",
Fagus,Fagus,"Les hêtres (Fagus) forment un genre d'arbres feuillus, de la famille des Fagaceae. On compte une dizaine d'espèces de hêtres en Europe, en Asie et en Amérique.
Son fruit est la faîne. Un peuplement de hêtres est une hêtraie.
L'espèce la plus répandue en Europe est Fagus sylvatica.",
Morus,Mûrier,"Morus (les mûriers) est un genre de plantes à fleurs dicotylédones de la famille des Moraceae, originaire des régions tempérées et subtropicales d'Asie, d'Europe, d'Afrique et d'Amérique, qui comprend 17 espèces acceptées. Il s'agit d'arbres ou d'arbustes à feuilles caduques, qui sont soit monoïques, soit dioïques. Certaines espèces sont cultivées pour leurs fruits (les mûres) ou pour leurs feuilles, qui servent de nourriture au ver à soie, ou comme arbres d'ornement.
Les mûriers ne doivent pas être confondus avec les ronces (Rubus), plantes ligneuses sarmenteuses de la famille des Rosaceae, dont les fruits des haies sont similaires par l'aspect et le goût, et communément appelés des mûres ou mûrons, par analogie.
Une plantation de mûriers est appelée « mûraie » ou « mûreraie ».",
Broussonetia,Broussonetia,"Broussonetia est un genre de plantes à fleurs de la famille des Moraceae originaire d'Extrême-Orient, dont l'espèce la plus connue est le mûrier à papier. 
Le nom de ce genre rend hommage à Pierre Marie Auguste Broussonet (1761-1807), botaniste français qui fut le premier à introduire des pieds femelles de mûrier à papier de Chine à la fin du XVIIIe siècle.",
Cedrela,Cedrela,"Cedrela  est le nom botanique d'un genre d'arbres de la famille des Méliacées qui compte sept espèces, originaires d'Amérique. Les plantes de ce genre sont originaires des régions tropicales et subtropicales du continent américain, depuis le Sud du Mexique jusqu'au Nord de l'Argentine.
Ce sont des arbres à feuillage pérenne ou caduc en saison sèche, à feuilles composées pennées.
L'espèce Cedrela odorata est largement cultivée et s'est naturalisée dans certaines régions de l'Afrique et du Sud-Est asiatique ainsi qu'à Hawaii.
Le terme français est cédrèle.",
Syringa,Syringa,"Syringa est un genre d'arbustes appartenant à la famille des Oleaceae et composé d'une vingtaine d'espèces. Ce genre regroupe plusieurs des lilas véritables.
L'espèce la plus répandue est Syringa vulgaris, le lilas commun, parfois subspontané dans les haies et les bois.",
Chionanthus,Chionanthus,"Chionanthus est un genre botanique de la famille des Oleaceae. Étymologiquement, Chionanthus signifie « fleur de neige » qui évoque la floraison blanche et abondante de ces plantes. Ce genre d'arbres et arbustes à la vaste distribution à l'origine dans des zones tropicales et intertropicales présente trois espèces ayant gagné des régions tempérées (C. retusus l'Asie de l'Est et les deux autres C. virginicus et C. henryae, l'est de l'Amérique du Nord). C. retusus et C. virginicus sont appelés « arbres de neige » ou « arbres à neige » également « arbres des neiges », et sont souvent cultivés.
Les feuilles sont opposées, simples et entières ; la plupart des espèces des régions chaudes possèdent des feuilles persistantes, elles sont caduques chez les trois espèces plus nordiques.",
Sorbus,Sorbus,"Sorbus (les sorbiers et les alisiers) est un genre de plantes à fleurs de la famille des Rosacées.
Les sorbiers et les alisiers sont des arbustes ou des arbres qui croissent notamment dans les forêts collinéennes et montagnardes. Plusieurs espèces ou hybrides sont cultivés comme arbres d'ornement. Les espèces de Sorbus sont caractérisées par des fruits globuleux, rouge corail, orange ou brun, appréciés des oiseaux, appelés alises chez les alisiers et sorbes chez les sorbiers. Leur bois blanc rougeâtre, rouge brunâtre, au grain serré, est utilisé en ébénisterie. Alisier désigne les espèces à feuilles simples et Sorbier les espèces à feuilles composées.
Selon l’Union internationale pour la conservation de la nature, les sorbiers sont particulièrement en danger, les trois quarts des 170 espèces européennes du genre Sorbus (au sens large, voir la section Liste des espèces) étant considérées comme menacées de disparition.",
Styphnolobium,Styphnolobium,"Styphnolobium est un genre de plantes à fleurs dicotylédones de la famille des Fabaceae, sous-famille des Faboideae, qui comprend environ huit espèces acceptées. Ce sont de petits arbres ou des arbustes originaires d'Asie de l'Est et d'Amérique centrale. Ce genre était auparavant inclus dans une interprétation plus large du genre Sophora. ",
Rhus,Rhus,"Rhus est un genre d'arbres ou d'arbustes de la famille des Anacardiacées, communément appelés sumacs en France, summaq (سمّاق) en arabe littéraire et qui signifie « rouge ». Il compte environ 125 espèces présentes dans les régions subtropicales et tempérées dans de nombreuses parties du monde.
Les plus connues sont le sumac vinaigrier (Rhus typhina) originaire d'Amérique du Nord et le sumac des corroyeurs (Rhus coriaria) indigène en Europe du Sud et au Proche-Orient.
Le nom générique Rhus était en usage chez les Grecs et les Romains.",
Ostrya,Ostrya,"Ostrya, dont le nom français correspondant est Ostryer, est un genre de plantes de la famille des Betulaceae. Il regroupe 8 à 10 espèces réparties dans l'hémisphère Nord, dont une espèce européenne aussi appelée « charme-houblon ».",
Populus,Peuplier,"Les peupliers sont des arbres du genre Populus de la famille des Salicacées.

Le genre Populus englobe 35 espèces des régions tempérées et froides de l'hémisphère nord. Il comprend aussi de nombreux hybrides naturels ou artificiels (créés par l'être humain). Les peupliers, arbres à la croissance rapide se rencontrent rarement en forêt dense, mais plutôt dans les ripisylves et aux abords des zones humides où comme les saules, ils sont appréciés des castors et ils recèpent ou drageonnent facilement quand ils ont été coupés par ces derniers.
Ils croissent sur les terrains humides, voire temporairement inondés. Leur système racinaire, important, souvent superficiel et traçant (comme celui du peuplier d'Italie par exemple) peut détruire des murs, soulever les enrobés bitumés et coloniser des tuyaux d'égouts. Certaines espèces (peuplier tremble) peuvent pousser sur des sols sableux pauvres et supportent relativement bien les embruns marins, à une certaine distance de la mer toutefois.
Leur culture est nommée populiculture. En dehors des espèces spontanées, de nombreuses variétés ou cultivars sont à la disposition des sylviculteurs (populiculteurs). Le séquençage du génome du peuplier de l'Ouest a été annoncé en 2004 et publié en 2006. Le peuplier étant un arbre à croissance rapide (d'où une évaluation vite disponible lors de tests) et progressivement entièrement séquencé, il devient le premier arbre transgénique en 1986 et est depuis l'essence qui a fait l'objet du plus grand nombre d'essais et de tests (47 % en 2005) d'arbres génétiquement modifiés (une souche en France, par l'INRA et d'autres au Canada).",
Koelreuteria,Koelreuteria,"Koelreuteria est un genre de plantes de la famille des Sapindaceae. Il a été nommé ainsi en hommage à Joseph Gottlieb Kölreuter (1733-1806), botaniste allemand, directeur du jardin botanique de Karlsruhe.",
Cladastris,Cladrastis,"Cladrastis (Virgilier ou bois jaunes) est un genre de plantes à fleurs de la famille des fabacées. Il comprend sept espèces d'arbres dont six sont originaires d’Asie orientale, et une du sud est de l’Amérique du Nord.",
Taxus,Taxus,"Taxus est un genre de conifères de la famille des Taxacées qui comprend une dizaine d'espèces généralement nommées ifs.
Il fait partie des rares gymnospermes non résineux. En outre, ce genre se distingue de la plupart des conifères par le fait que la graine n'est pas contenue dans un cône ligneux mais dans un arille.",
Albizia,Albizia,"Albizia est un genre de plantes à fleurs de la famille des Fabaceae. Il compte environ 150 espèces de petits arbres et arbustes tropicaux ou subtropicaux à croissance rapide.
Il appartient à la famille des Mimosaceae selon classification classique, ou à celle des Fabaceae, sous-famille des Mimosoideae selon la classification phylogénétique. Le genre, souvent orthographié à tort « Albizzia », doit pourtant son nom à Filippo degli Albizzi, un italien qui l'introduisit en Europe au milieu du XVIIIe siècle.
Les espèces de ce genre sont courantes dans les régions tropicales d'Asie, d'Afrique, de Madagascar, d'Amérique centrale et du sud et en Australie. Ces arbres, de 6 à 12 m de haut et de 5 à 8 m de large, meurent en général assez jeunes. Avec leur port ample à la ramure bien étalée, ils ressemblent aux flamboyants, autres espèces des pays tropicaux.
L'arbre est aussi nommée arbre de Constantinople ou arbre de soie en raison de ses fleurs en plumeau.[réf. nécessaire]",
Zelkova,Zelkova,"Zelkova est un genre de plantes à fleurs de la famille des Ulmaceae. Il comprend six espèces d'arbres ou d'arbustes à feuilles caduques, aujourd'hui présentes au sud de l'Europe et en Asie. Ils varient en taille, de l'arbuste (Z. sicula) à de grands arbres atteignant 35 m de haut (Z. carpinifolia).
Le nom « zelkova » ou « zelkoua » vient du géorgien dzelkva (ძელქვა), le nom vernaculaire de Z. carpinifolia en Géorgie.
Les botanistes sont partagés sur la question de savoir si Zelkova est un genre à part entière ou un sous-ensemble du genre Ulmus. Zelkova est en effet monoïque, contrairement aux ormes dont les fleurs sont hermaphrodites.",
Hibiscus,Hibiscus,"Hibiscus (du grec ἱϐίσκος / hibískos, signifiant guimauve) est un genre de plantes à fleurs annuelles ou vivaces qui comporte plusieurs centaines d'espèces. Les hibiscus font partie de la famille des Malvacées (Malvaceae).
Ce sont des plantes connues depuis la haute Antiquité : elles étaient cultivées en Égypte et en Asie du Sud-Est pour leur caractère ornemental, mais aussi pour leurs fruits comestibles. Plusieurs espèces ont également des propriétés médicinales.
Importées en Europe au XIIe siècle par les Maures d'Espagne, certaines espèces furent ensuite introduites en Amérique au XVIIe siècle par les colons. La Corée du Sud et la Malaisie ont un hibiscus comme fleur nationale, respectivement Hibiscus syriacus, l'Althéa et Hibiscus rosa-sinensis, l'Hibiscus Rose de Chine.",
Laburnum,Laburnum,"Laburnum est un genre de plantes à fleurs de la famille des Fabaceae. Ce sont des plantes arbustives. Ses espèces sont parfois appelées « cytises ».",
Eucalyptus,Eucalyptus,"Les eucalyptus (du grec εὐ / eu, « bien », et καλυπτός / kaluptos, « couvert, recouvert ») forment un groupe très riche de plantes du genre Eucalyptus, de la famille des Myrtaceae et qui regroupait jusqu'en 1995 le genre Corymbia. Les eucalyptus sont originaires d'Australie, ils sont donc indigènes au continent australien, où ils dominent d'ailleurs 95 % des forêts. Plus de six cents espèces étaient recensées dans les années 1960, et plus de 800 dans les années 2000. Les eucalyptus possèdent toute une gamme de mécanismes d’adaptation et ont une croissance rapide, ce qui leur permet d'être présents dans de nombreux environnements. On utilise aussi, moins fréquemment, le mot gommier pour parler des eucalyptus.
Certaines espèces, notamment Eucalyptus globulus, ont été introduites en Europe, où elles se sont très bien acclimatées sur les rivages méditerranéens, ainsi qu'au Portugal, où d'immenses forêts d'eucalyptus ont été plantées pour la production de pâte à papier[citation nécessaire]. Ces espèces ont aussi été plantées en Afrique du Nord, notamment au Maroc, en Algérie, en Tunisie et en Libye. On les rencontre aussi dans les îles de Madagascar, de Mayotte, de Malte et de La Réunion, au Sri Lanka, en Afrique du Sud, en Côte d'Ivoire, en Ouganda sur les pentes du mont Elgon et dans le Sud-Ouest du pays, en Californie, en Argentine, au Brésil, au Chili, en Équateur et au Pérou.",
Gymnocladus,Gymnocladus,"Gymnocladus  est un genre de plantes à fleurs dicotylédones de la famille des Fabaceae (légumineuses), sous-famille des Caesalpinioideae, originaire d'Amérique du Nord et d'Asie de l'Est, qui comprend cinq espèces acceptées. Quatre espèces proviennent d'Asie alors qu'une seule, Gymnocladus dioica, est indigène en Amérique du Nord.  
Ce sont des arbres qui se rencontrent dans les forêts de plaine ou de montagne, tempérées ou tropicales, parfois sur les rives des cours d'eau.",
Rhamnus,Nerprun,"Rhamnus (les nerpruns) est un genre (ou deux genres, si Frangula est traité comme un genre distinct) de plantes à fleurs de la famille des Rhamnaceae. Il compte environ 100 espèces d'arbustes ou de petits arbres de 1 à 10 m de haut (rarement à 15 m) indigènes des régions tempérées et subtropicales de l'hémisphère nord, et localement en Afrique et en Amérique du Sud.",
Catalpa,Catalpa,"Catalpa est un genre d'arbres, les catalpas, appartenant à la famille des Bignoniacées. Les espèces sont originaires d'Amérique du Nord et d'Asie de l'Est. Cette essence sert essentiellement à l'ornement, notamment le Catalpa commun (Catalpa bignonioides).",
Photinia,Photinia,"Photinia, ou les Photinies, est un genre de plantes à fleurs de la famille des Rosacées. Il comprend de 40 à 60 espèces d'arbustes originaires de souche de l'Himalaya et d'Asie. 
Les Photinia ont été hybridées par l'homme. Ces photinias sont alors utilisés comme arbustes d'ornement seuls ou en massifs ou en haie simple ou mixte (souvent en mélange avec le laurier du Caucase). L'intérêt est alors dans son caractère bicolore quasiment permanent : les jeunes feuilles sont en effet rouges et virent au vert foncé en vieillissant.
Il fleurit d'avril à mai avec de petites fleurs groupées en bout de branches, odeur un peu forte et âcre, hauteur moyenne 1,50 m.
Le Photinia apprécie le soleil et est résistant au froid jusqu'à -15 °C.",
Sophora,Sophora,"Sophora est un genre de plantes à fleurs de la tribu des Sophoreae et de la famille des Fabaceae qui comprend 31 espèces. Ce sont de petits arbres ou arbustes. Ces plantes  arborescentes sont originaires des régions tempérées et chaudes du sud-est de l'Europe à l'Asie, de l'Australasie et des îles de l'océan Pacifique ainsi que de l'ouest de l'Amérique du Sud.",
Chitalpa,Chitalpa,"Chitalpa est un arbre à fleurs hybrides intergénériques de la famille des Bignoniaceae. Il existe deux formes principales en Amérique du Nord, le «Morning Cloud», un hybride de saule du désert (Chilopsis linearis) pour la rusticité et la couleur du désert, et la catalpa du Nord (Catalpa speciosa), et la variété «Pink Dawn» formée comme un hybride de saule du désert et soit le catalpa jaune (Catalpa) ou le catalpa du Nord (Ca. À l'origine, les deux formes étaient des hybrides de saules de saules du désert et de catalpa du Sud (Catalpa bignonioides). Le nom est noogène ou une combinaison des noms des deux parents. Les feuilles sont lancerolaties, de 10 à 13 cm de long et de 2,5 cm de large, presque toujours en trois de trois. Les fleurs en forme de trompette mesurent 2,5 cm de long et frai. L'inflorescence est indéterminée, avec des fleurs disposées alternativement.",
Lonicera,Chèvrefeuille,"Les Chèvrefeuilles (genre Lonicera) sont des arbustes ou lianes de la famille des caprifoliacées. Certaines espèces sont aussi nommées communément camérisiers. On en connaît environ 158 espèces dans les régions tempérées de l'hémisphère nord et les régions subtropicales. L'habitat de la plupart des espèces de chèvrefeuilles est la lisière des forêts et, par extension, les haies, bords de chemins creux. Les chèvrefeuilles, autochtones ou exotiques, sont fréquemment utilisés pour former des haies ou parois décoratives.",
Poncirus,Poncirus trifoliata,"Le Citronnier épineux ou Oranger trifolié (Poncirus trifoliata) est une espèce d'arbres de la famille des Rutacées originaire de Corée et du Nord de la Chine. Poncirus est de nos jours souvent inclus dans Citrus. Poncirus trifoliata est la seule des deux espèces de Poncirus à être véritablement connue et cultivée en Europe (la seconde espèce étant le Poncirus polyandre, Poncirus polyandra, syn. Citrus polytrifolia, originaire du Xian de Fumin).",
Ulmus,Orme,"Ulmus (les ormes) est un genre de plantes à fleurs de la famille des Ulmaceae ou Ulmacées. Ce sont des arbres atteignant une trentaine de mètres (et rarement 40 m). L'orme est un arbre de haute futaie, et fournit un excellent bois d'œuvre, pratiquement comparable au bois de chêne. Il a pratiquement disparu d'Europe de l'Ouest dans la seconde moitié du XXe siècle en raison de la graphiose. Le développement de cultivars résistants fait l'objet de recherches intenses depuis les années 1960. Depuis quelques années, l'orme est réimplanté dans la majorité des villes françaises.",
Liquidambar,Liquidambar,"Liquidambar, le Liquidambar ou le Copalme en français, est un genre d'arbres à feuilles caduques de la famille des Altingiacées composé de quatre espèces actuelles et de plusieurs espèces éteintes :

Liquidambar acalycina - originaire de Chine
Liquidambar californicum†
Liquidambar europaeum†
Liquidambar formosana - originaire de Formose
Liquidambar orientalis Miller - originaire d'Asie Mineure et à feuilles plus petites que le styraciflua
Liquidambar styraciflua L. ou copalme d'Amérique, espèce monoïque originaire de l'est de l'Amérique du Nord, plus particulièrement de Floride.",
Eleagnus,Elaeagnus,"Elaeagnus est un genre de plantes à fleurs de la famille des Elaeagnaceae, composé d'une soixantaine d'espèces originaires pour la plupart des régions tempérées d'Asie, avec une espèce (Elaeagnus triflora) originaire d'Australie, une autre (Elaeagnus commutata) originaire d'Amérique du Nord et une dernière (Elaeagnus angustifolia) originaire d'Europe.",
Pterostyrax,Pterostyrax,"Pterostyrax est un genre de plantes à fleurs de la famille des Styracacées. Ce sont des arbres et des arbustes à feuilles caduques originaires d'extrême orient, trouvés en Chine et au Japon.",
Abies,Abies,"Abies est un genre d'arbres conifères faisant partie de la famille des Pinaceae et originaires des régions tempérées de l'hémisphère nord. Ils sont reconnaissables au mode de fixation des aiguilles sur la tige ainsi qu'à leurs cônes dressés qui se désagrègent à maturité.
En français ce sont préférentiellement les arbres de ce genre que l'on nomme Sapin de nos jours, bien que ce terme ait anciennement un sens plus large et désigne aussi des espèces d'autres genres.
Ce sont des arbres monoïques à écorce quelquefois ponctuée de vésicules résinifères, à branches verticillées et étagées. Les aiguilles des sapins sont fixées une par une.",
Cercidiphyllum,Cercidiphyllum,"Cercidiphyllum est un genre de plantes dicotylédones : c'est le seul genre placé dans la famille des Cercidiphyllaceae.
Les spécimens de notre époque proviennent essentiellement d'Asie orientale, du Japon (Honshū et Hokkaidō) et de Chine (Shanxi sud-ouest vers Sichuan, et est vers Zhejiang). Cependant, des fossiles ont démontré que cet arbre, issu de la période du Miocène, avait pour lieu d'origine l'ouest de l'Amérique du Nord, d'où il a totalement disparu des forêts naturelles.
Ce sont la famille et le genre du katsura (Cercidiphyllum japonicum) qui est un grand arbre à feuilles caduques, des régions tempérées de l'est de l'Asie, cultivé comme source de bois d'œuvre et comme arbre d'ornement.",
Cryptomeria,Cryptomeria,"Le Cryptomère du Japon ou Cèdre du Japon (Cryptomeria japonica), en japonais 杉 (スギ : sugi), est une espèce de conifères proche parent du cyprès chauve[2] (famille des Cupressaceae) originaire d'Extrême-Orient. C'est le seul membre du genre Cryptomeria. L'espèce est présente au Japon, en Chine et en Corée, ainsi qu'à l'île de La Réunion, à Madagascar et aux Açores[3]. ",
Olea,Olea,"Le terme Olea désigne un taxon, le genre Olea, c'est-à-dire un ensemble de plantes ayant des caractéristiques communes. Trois sous-genres (subg., niveaux de taxonomie) ont été créés à la suite des travaux de révision menés par le botaniste P.S. Green, Il aboutit à reconnaître et à regrouper 33 espèces et neuf sous-espèces parmi les nombreuses synonymies qui se sont établies en trois siècles de botanique et d'explorations du monde.
Trois nouveaux taxons ont été reconnus : le sous-genre Tetrapilus, le sous-genre Paniculatae et Olea woodiana subsp. disjuncta. La nouvelle classification des taxons, dont le sous-genre Olea, s'établit comme suit :

Sous-genre Olea, comprenant 2 sections :
Section Olea, c'est-à-dire un groupe d'espèces végétales appartenant au sous-genre Olea, comprenant 6 sous-espèces,
Section Ligustroides,
subg. Tetrapilus,
subg. Paniculatae.
Cette classification peut sembler complexe, elle est le fruit du travail du botaniste P.S. Green, spécialiste en taxonomie, qui a travaillé en collaboration avec d'autres spécialistes dont Pablo Vargas du Jardin Botanique Royal de Madrid, notamment pour l'espèce Olea europaea.
L'espèce type est Olea europaea L. (le lectotype), une espèce économiquement importante mondialement.
Si, d'après les critères morphologiques, les taxons se chevauchent, ils sont distincts dans leur distribution et les caractéristiques moléculaires mises en évidence par les analyses bio-chimiques. Cette page a pour objet, en suivant la classification de P.S. Green, d'orienter le lecteur vers les taxons actuels du genre Olea.",
Cotinus,Cotinus,"Cotinus est un genre de plantes à fleurs de la famille des Anacardiaceae comprenant huit espèces originaires des régions tempérées de l'hémisphère nord. Ce genre est proche du Sumac (Rhus). Les plus connus sont :

Cotinus coggygria originaire d'Eurasie, dont la variété aux feuilles rouges est utilisée comme ornementation dans les espaces verts.
Cotinus obovatus originaire d'Amérique du Nord.
Ce sont des arbustes ou des petits arbres aux feuilles entières caduques. Ils sont aussi appelés « arbres à perruques », impression donnée par l'inflorescence femelle légère et filandreuse faite d'une multitude de pédoncules plumeux en larges panicules.",
Platanus,Platane,"Les platanes  (Platanus) sont un genre de plantes à fleurs de la famille des Platanaceae qui comprend une dizaine d'espèces d'arbres. La plus répandue est un hybride, le platane commun largement utilisé comme arbre d'alignement pour orner les places, les rues et certaines routes.
Étymologie : du nom grec πλάτανος / plátanos, « platane », dérivé de l'adjectif πλατύς / platús, « large ».",
Ginkgo,Ginkgo,"Le Ginkgo, aussi appelé arbre aux quarante écus, ou encore arbre aux abricots d'argent[2] (Ginkgo biloba L., 1771) (银杏 yínxìng en chinois), est une espèce d'arbre gymnosperme et la seule représentante actuelle de la famille des Ginkgoaceae. C'est aussi la seule espèce actuelle de la division des Ginkgophyta.

Le ginkgo est un arbre dioïque dont les individus mâles portent des bouquets de cônes de pollen semblables à des chatons et dont les individus femelles possèdent de longs pédoncules portant à leur extrémité un ovule, nu (sans être enveloppé dans un ovaire), sans pétales.",
Osmanthus,Osmanthus,"Le genre Osmanthus comprend des arbustes ou des petits arbres aux fleurs blanches odorantes et aux feuilles soit entières (feuilles faisant penser au troène) soit épineuses (les feuilles d'Osmanthus heterophyllus notamment qui rappellent celles du houx). Ils sont originaires principalement d'Asie tempérée.
Parmi les différentes espèces, on peut citer les suivantes, qui sont cultivées comme arbustes d'ornement en particulier pour la création de haies.",
Magnolia,Magnolia,"Les magnolias ou magnoliers (Magnolia L., 1753)(aussi surnommé ""l'arbre de cinelle"") forment un genre de plantes à fleurs, de la famille des Magnoliacées, qui comprend environ 110 espèces, essentiellement des arbres et arbustes, des régions tempérées chaudes.
Les fleurs de magnolia attirent les insectes pollinisateurs. Les carpelles des fleurs de magnolia sont extrêmement robustes : ils ne sont pas endommagés par les coléoptères pollinisateurs. Les magnolias sont apparus avant les coléoptères ; des spécimens fossilisés de Magnolia acuminata datent de 20 millions d'années et des spécimens appartenant à la famille des Magnoliaceae de 95 millions d'années. Un des aspects primitifs des magnolias est leur absence de distinction entre sépales et pétales.

Les magnolias ont une distribution naturelle discontinue, avec un centre principal dans l'est et dans le sud de l'Asie et un centre secondaire dans l'est de l'Amérique du Nord, Amérique centrale, aux Antilles, et pour certaines espèces en Amérique du Sud.",
Chimonanthus,Chimonanthus,"Chimonanthus (ou Chimonanthes, prononcer Kimonante) est un genre de plantes à fleurs de la famille des Calycanthacées. Ce sont de petits arbres ou des arbustes originaires d'Asie. Le genre doit son nom au grec chimon, hiver et anthos, fleur. Il met en évidence la floraison hivernale de cet arbuste.
Les Chinois disent que « celui qui respire une fois le parfum du chimonanthe en sera nostalgique à jamais... »",
Tetradium,Tetradium,"Tetradium est un genre de 5 à 10 espèces d'arbres de la famille des Rutaceae, originaire de l'est de l'Asie tropicale. Le genre est souvent confondu avec les genres Euodia et Melicope.",
Acer,Érable,"Acer, les érables, est un genre de plantes à fleurs de la famille des Sapindacées selon la classification APG III (autrefois, selon la classification de Cronquist, de celle des Acéracées), dans l'ordre des Sapindales. C'est le type de sa famille. Ce sont des arbres et des arbustes.

Une acéraie (ou érablaie) est un peuplement forestier dominé par les érables.",
Malus,Pommier,"Malus (Les pommiers) est un genre de plantes à fleurs de la famille des Rosacées.

Ce genre comprend une quarantaine d'espèces d'arbres ou d'arbustes dont la plus importante, sur le plan de l'alimentation humaine, est le pommier domestique (Malus domestica) dont le fruit est la pomme. On connaît aujourd'hui plus de 20 000 variétés (sous-espèces et cultivars).

Bien que tous les pommiers produisent des fleurs puis des pommes, les espèces cultivées uniquement à titre ornemental sont souvent appelées de manière générique « pommier à fleurs » ou encore « pommier d'ornement » quand ils donnent de petits fruits décoratifs. Certaines espèces et cultivars sont appelées des pommetiers en Amérique du Nord francophone.",
Metasequoia,Metasequoia glyptostroboides,"Metasequoia glyptostroboides, aussi appelé sapin d'eau, est une espèce de grand arbre de la famille des Taxodiaceae, ou des Cupressaceae selon la classification phylogénétique. Il est originaire de Chine où il a été découvert en 1943. 
C'est l'unique espèce vivante du genre Metasequoia. Si l'espèce ne remonte qu'au Pliocène (comme de nombreuses espèces végétales actuelles) le genre remonte au moins au Jurassique. À ce titre elle est considérée comme une forme panchronique, c'est-à-dire une relique d'un genre anciennement très répandu et aujourd'hui quasiment disparu.
Le nom du genre Metasequoia vient du grec meta (« proche de ») et de sequoia, un genre de grands arbres de la même famille. L'épithète spécifique glyptostroboides signifie « semblable au Glyptostrobus ». Glyptostrobus pensilis est un cyprès chinois des marais, également originaire de Chine.",
Maclura,Maclura,"Maclura est un genre de plantes à fleurs de la famille des Moraceae. C'est le genre de l'Oranger des Osages.",
Cornus,Cornus,"Cornus est un genre botanique composé de 30 à 50 espèces d'arbres et arbustes à feuilles caduques, parfois persistantes, de la famille des Cornaceae. Les individus de ce genre sont appelés cornouiller ou parfois cornelier.

Le genre se répartit entre un et neuf sous-genres (selon les différentes interprétations botaniques).",
Cupressus,Cyprès,"Cupressus, le Cyprès est un genre d'arbres sempervirents de la famille des Cupressaceae, originaires des régions tempérées chaudes de l'hémisphère nord. Le nombre d'espèces incluses dans ce genre varie selon les auteurs de 16 à 31, voire plus. De nombreuses espèces sont cultivées comme arbres d'ornement. Le Cyprès commun est un arbre représentatif de la flore méditerranéenne, l'arbre des cimetières, symbole du deuil dans le monde méditerranéen. Les Cyprès sont des conifères.
Le nom générique Cupressus est le nom latin du Cyprès commun. Ce nom dérive de Cyparisse, personnage de la mythologie grecque, fils de Télèphe, qui fut changé en cyprès par Apollon.",
Carpinus,Charme,"Carpinus, le Charme, est un genre d'arbres et d'arbustes de la famille des  Bétulacées (anciennement de la famille des Corylacées qui est maintenant intégrée aux Bétulacées). Ce genre compte une trentaine d'espèces des régions tempérées de l'hémisphère nord, d'Asie mineure et d'Europe. Ils fournissent un excellent bois de chauffage, du bois de trituration et différents bois de service.
Une forêt constituée principalement de charmes est appelée une charmaie ou une charmeraie. Une allée de charmes taillés en topiaire est appelée charmille.",
Mespilus,Mespilus,"Mespilus est un genre de plantes à fleurs de la famille des Rosaceae, de la sous-famille des Amygdaloideae, de la tribu des Maleae et de la sous-tribu des Malinae. Il est parfois considéré comme un sous-genre de Crataegus.",
Tilia,Tilia,"Tilia, les Tilleuls, est un genre d'arbres appartenant à la famille des Tiliaceae selon la classification classique, ou à celle des Malvaceae selon la classification phylogénétique. Il s'agit d'espèces forestières poussant principalement dans les régions calcaires.
Les fleurs de certains Tilleuls sont employées en infusions pour leur qualité gustative et leurs propriétés apaisantes et calmantes. Elles sont également mellifères. Les feuilles de plusieurs espèces, et notamment le tilleul à petites feuilles, sont également consommées en salades,. Enfin, de nombreuses espèces de tilleuls sont utilisées pour leurs qualités ornementales.",
Sorbopyrus,×Sorbopyrus,"×Sorbopyrus est un genre de plantes à fleurs de la famille des Rosaceae. C'est un genre hybride issu du croisement intergénérique d'une espèce du genre Pyrus (les poiriers) et d'une espèce du genre Sorbus (les sorbiers).
La seule espèce hybride réellement attestée est ×Sorbopyrus auricularis. Néanmoins, l'existence d'autres croisements hybrides est imaginable.",
Cupressocyparis,Cyprès de Leyland,"Le Cyprès de Leyland, Cupressus ×leylandii, est une espèce hybride d’arbres de la famille des Cupressaceae, largement cultivée notamment pour constituer des haies.",
Paulownia,Paulownia,"Paulownia est un genre d'arbres, les paulownias, de la famille des Paulowniacées, qui sont originaires de Chine et de Corée. Cette essence est principalement utilisée pour son bois, pour stabiliser les sols ou fournir du fourrage, mais aussi comme arbre d'ornement, notamment l'espèce communément nommée paulownia : Paulownia tomentosa. En raison de sa forte absorption de dioxyde de carbone liée à sa croissance rapide, il présente un intérêt particulier dans le cadre de la lutte contre le changement climatique.",
Pistacia,Pistacia,"Le genre botanique Pistacia regroupe une quinzaine d'espèces d'arbustes appelés pistachiers appartenant à l'ordre des Sapindales et à la famille des Anacardiaceae. 

D'origine asiatique ou méditerranéenne (à l'exception de Pistacia mexicana qui est une espèce américaine), les pistachiers sont des arbustes dioïques (fleurs mâles et femelles poussant sur des arbustes différents). Les fleurs, plus ou moins marron, sont groupées en racèmes. Les fruits sont des drupes.
Le pistachier est un arbre caduc, à croissance lente et longue vie, pouvant atteindre une hauteur de 6 à 10 mètres.",
Robinia,Robinia,"Robinia, les robiniers, est un genre de plantes à fleurs de la famille des Fabaceae, sous-famille des Faboideae. Ce sont des arbres ou des arbustes originaires d'Amérique du Nord.",
Thuja,Thuya,"Les thuyas (Thuja), appelés aussi cèdres au Canada, sont un genre de conifères de la famille des cupressacées, originaires des régions tempérées de l'hémisphère nord. Plusieurs espèces sont cultivées comme arbres d'ornement.
Ces arbres sont surnommés, en Amérique du Nord, Arbor vitae (« arbre de la vie » en latin) pour leur feuillage pérenne.
« Thuya » vient du grec ancien θυία / thuía, dérivé de θύον / thúon, signifiant « bois parfumé »). Il se prononce donc thu-ya et non comme tuyau.",
Styrax,Styrax,"Styrax est un genre de plantes à fleurs de la famille des Styracacées. Ce sont des arbres ou d'arbustes poussant le plus souvent en Extrême-Orient et comportant diverses espèces, quelques-unes très appréciées en parfumerie et en pharmacie pour leur baume. L'arbre est également appelé « aliboufier », en particulier lorsqu'il s'agit de l'espèce Styrax officinalis. Le baume ou résine se nomme « storax » ou « benjoin » selon les espèces, le premier de ces deux termes étant aujourd'hui inusité.
Le nom « styrax » sert aussi de façon abusive à désigner la résine du liquidambar. En effet dans l'Antiquité, et notamment dans Histoire naturelle de Pline l'Ancien, le terme styrax désignait aussi bien le Liquidambar orientalis (« Styrax de Chypre et de Cilicie ») que l'aliboufier (« Styrax de Syrie »).
Les espèces les plus connues sont S. benzoin, S. tonkinense et S. officinalis, les deux premiers étant d'origine tropicale (Asie du Sud-Est) alors que S. officinalis se rencontre sur le pourtour de la mer Méditerranée, notamment en Italie et en Provence. S. japonica est une espèce recherchée en ornement.
La résine, d'une belle couleur jaune, est obtenue par incision du tronc. En pharmacie, le styrax ou baume styrax, sous forme de fumigations, est efficace contre les affections des voies pulmonaires. On l'utilise aussi pour traiter certaines maladies de peau. Comme toutes les résines odorantes, il peut être brûlé en tant qu'encens. En parfumerie, il joue le rôle de fixateur, le plus souvent dans des parfums féminins. Il a été utilisé dans les années 1920, en particulier dans Shalimar, de Guerlain, puis a été abandonné avant de revenir à la mode grâce aux créations de la maison Yves Saint Laurent (Opium, Nu).
Le Styrax calamithe ou calamite était un des multiples constituants de la thériaque et du diascordium de la pharmacopée maritime occidentale au XVIIIe siècle.",
Carya,Carya,"Le caryer (genre Carya) est un genre d'arbres à feuilles composées caduques comprenant une vingtaine d'espèces, dont une douzaine sont originaires d'Amérique du Nord (dont quatre se trouvent au Mexique). Les autres sont originaires de Chine et d'Indochine, de l'Inde, dans l'État d'Assam. Le genre était autrefois présent en Europe au Pléistocène, mais a disparu à la suite des glaciations.
Le nom de genre Carya vient de καρυα qui est le nom grec du noyer. Le noyer et le caryer appartiennent tous deux à la famille des juglandacées.
Cette essence de bois est souvent utilisée pour l'élaboration de baguettes de percussions (notamment les baguettes de batterie) et de manches d'outils, en raison de sa légèreté et de sa résistance aux chocs. Le caryer était également employé dans la fabrication de skis et de canots (canoës). Il dégage une odeur caractéristique lors de sa combustion. L'espèce Carya illinoinensis (wangenh ou pacanier) produit les pacanes.",
Corylus,Noisetier,"Corylus (noisetier, appelé aussi coudrier dans l'Ouest de la France ou avelinier dans l'Est et le Sud, particulièrement dans les Vosges) est un genre d'arbres, d'arbrisseaux et d'arbustes de la famille des Bétulacées (sous-famille des Coryloïdées) des régions tempérées de l'hémisphère nord. Son fruit s'appelle la noisette. Les noisettes sont particulièrement appréciées de nombreux rongeurs (dont l'écureuil qui les stocke pour l'hiver) et de certains ours. Le noisetier est un arbuste forestier (la noisette pouvant alors être considérée comme un produit forestier non ligneux), mais il est cultivé hors des forêts.
Le noisetier intéresse aussi beaucoup les trufficulteurs car il peut vivre en symbiose avec la truffe (Tuber uncinatum notamment, autre aliment très apprécié des écureuils et des sangliers) et il enrichit les truffières.",
Alnus,Aulne,"Les aulnes ou aunes (Alnus) forment un genre de plantes à fleurs de la famille des bétulacées. Ce sont des arbres de l'hémisphère nord poussant sur les sols humides,  Ils sont aussi nommés vergnes ou vernes.
Les aulnes forment des futaies appelées « aulnaies ».",
Liriodendron,Liriodendron,"Liriodendron (les tulipiers) est un genre de plantes à fleurs de la famille des magnoliacées.",
Staphylea,Staphylea,"Staphylea est un genre regroupant une dizaine d'espèces d'arbustes originaires de l'hémisphère nord.",
Eriobotrya ,Eriobotrya,"Eriobotrya est un genre de plantes à fleurs composé d'une trentaine d'espèces d'arbustes et de petits arbres à feuilles persistantes de la famille des Rosaceae, originaire d'Asie.
L'espèce la plus connue du genre est le néflier du Japon, E. japonica, cultivé pour son fruit comestible.
Son nom vient du grec 'érion' qui signifie laine et de 'botrus' qui signifie grappe, en référence aux grappes de fleurs duveteuses.",
Lagerstroemia,Lagerstroemia,"Lagerstroemia est un genre de plantes à fleurs de la famille des Lythraceae.
Il doit son nom à l'homme d'affaires suédois Magnus Lagerström (1691-1759).",
Juniperus,Genévrier,"Le Genévrier (nom scientifique Juniperus), également appelé Poivre du pauvre, est un genre de Conifères de la famille des Cupressaceae. Il comporte un grand nombre d'espèces, des variétés « rigides » aux aiguilles piquantes et des variétés « souples » au feuillage en écailles.
D'origine américaine, asiatique, africaine et européenne, cet arbre atteint couramment 4 à 15 m de haut dans la nature, et même 25 à 30 m pour certaines espèces. Il supporte les sols pauvres, éventuellement très calcaires (il est souvent associé aux coteaux calcaires en France), sablonneux et secs, jusqu'à 4 500 m d'altitude. Certaines espèces de genévrier peuvent vivre plus de 1 000 ans.
Une junipéraie est une formation végétale dominée par les Genévriers.",
Diospyros,Diospyros,"Diospyros est un genre de plantes à fleurs de la famille des Ebenaceae. Ce sont des arbres. Le genre comprent notamment les ébènes et le plaqueminier. Ilrenferme plus de 600 espèces. En Nouvelle-Calédonie, il est représenté par 31 espèces, dont 30 sont endémiques à l'archipel.
L'espèce type est Diospyros lotus L..",
Ilex,Ilex,"Ilex (les houx) est un genre végétal comprenant plus de 500 espèces réparties dans le monde entier, sous les tropiques et dans les régions tempérées. La plus grande diversité d'espèces se trouve en Amérique et dans le sud-est asiatique. En Europe, le genre n'est représenté que par une seule espèce (Ilex aquifolium, nommé Houx en français), de même en Afrique (Ilex mitis) et en Australie (Ilex arnhemensis (en)).
Ce sont pour la plupart des plantes ligneuses, arbres ou arbustes, souvent dioïques. Les feuilles sont généralement persistantes, parfois munies de piquants. Les fleurs sont petites, blanches ou de couleur pâle, fréquemment rassemblées en petits bouquets à l'aisselle des feuilles. Les fruits sont des baies, d'un rouge éclatant chez presque toutes les espèces.
Beaucoup d'espèces ont un intérêt décoratif. Les branchages coupés (Ilex aquifolium, Ilex opaca) chargés de boules rouges ornent les maisons à Noël. De nombreux hybrides et variétés ont été développés en tant qu'arbustes d'ornement pour les parcs et jardins.
Les différentes parties de la plante sont assez toxiques. Les feuilles de plusieurs espèces présentent des taux de caféine élevés et ont été utilisées de longue date par les populations indigènes pour la confection de boissons excitantes, rituelles ou médicamenteuses. La plus célèbre est le maté (Ilex paraguariensis) en Amérique du Sud. On peut également citer le yaupon (Ilex vomitoria) en Amérique du Nord et le guayusa (Ilex guayusa (en)) en Amazonie.
Les baies attirent les oiseaux qui les consomment après que les gelées en ont réduit la toxicité.
Bien qu'à l'origine le nom de houx soit celui de l'espèce européenne (Ilex aquifolium), beaucoup de représentants du genre Ilex ont aussi été appelés houx en raison de la ressemblance évidente.
Chez les Latins, le nom Ilex désignait le chêne vert, cette origine persistant dans le nom scientifique (Quercus ilex). Les feuilles du houx rappellent effectivement celles du chêne vert.
En France, une collection de houx, comprenant 60 espèces et plusieurs centaines de variétés, est géré par le conservatoire d'Ilex dans le cadre de l'arboretum des Prés des Culands situé à Meung-sur-Loire (Loiret). Cette collection a été reconnue comme collection nationale en 1991 par le Conservatoire des collections végétales spécialisées (CCVS).",
Larix,Larix,"Larix est un genre de plantes de la famille des Pinaceae. Ce sont des arbres originaires des régions tempérées en altitude, de l'hémisphère nord. Les espèces sont couramment appelées « mélèzes ».
Ces arbres atteignent facilement 20-45 mètres de haut (certains spécimens de Larix occidentalis dépassent parfois les 65 mètres). Ils sont à feuilles caduques, caractéristique assez rare chez les conifères.",
Melia,Melia,"Melia est un genre d'arbres de la famille des Meliaceae.
Le genre fut nommé μελία / melia, c'est-à-dire « frêne » en grec, par Carl von Linné. Le feuillage de certaines espèces de Melia ressemble à celui du frêne commun.",
Crataegus,Aubépine,"Crataegus est un genre de plantes à fleurs de la famille des Rosacées, communément appelées des aubépines. Ce sont des arbres ou des arbustes épineux de l'hémisphère nord.
Les espèces les plus utilisées pour leurs propriétés médicinales sont l'Aubépine monogyne, ou Aubépine à un style (Crataegus monogyna), et l'Aubépine épineuse, ou Aubépine à deux styles (Crataegus laevigata), tandis que l'Azérolier, ou Épine d'Espagne (Crataegus azarolus), est recherché pour ses fruits appelés cenelles, de même que l'Aubépine du Mexique ou Tejocote et C. pinnatifida ou 山楂 shān zhā.",
Sambucus,Sureau,"Le sureau, arbustes et plantes herbacées du genre Sambucus, appartenaient à la famille des Caprifoliacées. Les travaux récents en systématique situent maintenant ce genre dans les Adoxacées. Le sureau est une plante nitrophile : sa présence indique donc un sol riche en azote. Les sureaux ligneux sont des arbustes à fleurs blanches ou de couleur crème qui se transforment ensuite en petits bouquets de baies rouges, bleues ou noires. Ces fruits sont appréciés des oiseaux, et ces derniers participent à la dispersion des graines (capables de résister à la digestion des oiseaux) par ornithochorie. ",
Prunus,Prunus,"Prunus est un genre de plantes à fleurs qui regroupe plus de 300 espèces d'arbres et arbustes de la famille des Rosacées, dont beaucoup sont cultivées pour leurs fruits (abricotier, amandier, cerisier, pêcher, prunier) ou pour leur valeur ornementale (cerisier du Japon, cerisier de Virginie, laurier-cerise...). Certaines espèces ornementales n'ayant pas de nom commun sont simplement appelées « prunus ». Le noyau des fruits est toxique.
Ce genre est le seul représentant de la tribu des Amygdaleae.",
Trachycarpus,Trachycarpus,"Trachycarpus est un genre de plantes de la famille des Arécacées (palmiers). Le nom vient du grec trachys qui signifie rugueux, et de carpos qui signifie fruit.
Il fait partie de la sous-famille des Coryphoideae, de la tribu des Trachycarpeae et de la sous-tribu des Rhapidinae.",
Sassafras,Sassafras,"Sassafras est un genre de plantes à fleurs de la famille des Lauraceae. Ce sont des arbres qui poussent en Asie, Amérique du Nord et du Sud, principalement cultivés au Brésil et dans certains pays de la péninsule indochinoise (Thaïlande, Cambodge, Viêt Nam).",
Salix,Saule,"Le saule (Salix) est un genre de plantes à fleurs de la famille des Salicacées (Salicaceae). Il comprend 360 espèces environ, réparties à travers le monde, principalement dans les zones fraîches et humides des régions tempérées et froides de l'hémisphère nord. Ce sont des arbres, des arbustes ou des arbrisseaux.

Une rangée régulière de saules est dénommée une saulée.
Une saulaie est un endroit où poussent des saules, tout comme une saussaie, terme vieilli et régional.",
Ligustrum,Troène,"Ligustrum (les troènes) est un genre de plantes dicotylédones de la famille des Oleaceae, originaire d'Eurasie et d'Afrique du Nord, qui comprend une cinquantaine d'espèces.
Ce sont des arbustes ou de petits arbres au feuillage caduc, semi-persistant ou persistant. Beaucoup d'espèces de troènes sont utilisées en horticulture pour créer des haies taillées. En France seul le troène commun (Ligustrum vulgare) est indigène.",
Fontanesia,Fontanesia,"Fontanesia est un genre de plantes de la famille des Oléacées, originaires de Chine et d'Asie mineure.
Nom chinois : 雪柳属",
Amélanchier,Amélanchier,"Amelanchier (les Amélanchiers) est un genre de plantes à fleurs de la famille des Rosaceae et de la sous-famille des Amygdaloideae (anciennement des Maloideae). Il est composé de 26 espèces et est originaire d'Amérique du Nord, d'Asie (2 espèces) et d'Europe (1 seule espèce, Amelanchier ovalis).

Dans l'Europe médiévale, l'amélanchier, surnommé l'« arbre aux oiseaux », était souvent planté dans le jardin des simples des monastères ou dans les cloîtres.",
Picea,Picea,"Picea est un genre de conifères qui regroupe une cinquantaine d'espèces répandues dans l’hémisphère nord, en Europe, en Asie et en Amérique, surtout dans les régions montagneuses tempérées et les zones boréales. Les espèces de ce genre sont généralement appelées épicéas (Europe) ou épinettes (Canada). 
Elles peuvent être confondues avec les différentes espèces de sapins du genre Abies, tandis que les pruches désignent surtout les espèces du genre Tsuga.",
Nyssa,Nyssa,"Nyssa est un genre botanique composé de 9 à 11 espèces d'arbres présents en Asie et Amérique du Nord, ainsi que plusieurs autres espèces aujourd'hui éteintes en Asie, Amérique et Europe.",
Cydonia,Cognassier,"Le Cognassier (Cydonia oblonga), aussi appelé coing, est une espèce de plantes à fleurs de la famille des Rosacées C'est un arbuste ou un petit arbre originaire des régions tempérées du Caucase et d'Iran. Ses fruits sont des coings appelés aussi pommes d'or ou poires de Cydonie. C'est l'unique représentant du genre Cydonia.

Le genre était anciennement composé de quatre autres espèces aujourd'hui réparties dans deux autres genres : Pseudocydonia (comme le cognassier de Chine, Pseudocydonia sinensis) et Chaenomeles avec lesquels on le confond souvent.",
Davidia,Davidia,"Davidia involucrata, appelé aussi Arbre aux mouchoirs ou encore Arbre aux pochettes, en raison de ses larges bractées blanches, est un arbre de la famille des Nyssaceae originaire de Chine, aujourd'hui rare ou disparu de la plupart de ses régions d’origine[réf. nécessaire].

La plante a été récoltée en 1869 par le missionnaire botaniste français Armand David à Moupine, dans la montagne à l’ouest de Chengdu en Chine ; elle a été introduite en France en 1897.

Le Davidia involucrata est cultivé dans de nombreux jardins botaniques et parcs des régions tempérées du monde.",
Laurus,Laurus,"Laurus (les lauriers) est un genre de plantes à fleurs de la famille des Lauracées. Il contient trois espèces d'arbres sempervirents.",
Clerodendron,Clérodendron,"Le genre Clerodendrum, les clérodendrons, comprend environ 400 espèces d'arbres, d'arbustes ou de lianes originaires des régions tropicales d'Afrique et d'Asie.
Tandis que la classification classique place ce genre dans la famille des Verbénacées, les recherches phylogénétiques récentes ont conduit à le positionner dans la famille des Lamiacées.",
Chamaecyparis,Chamaecyparis,"Chamaecyparis est un genre de conifères de la famille des Cupressacées, incluant cinq ou six espèces d'arbres. Ces arbres, qui sont très voisins par leurs caractères botaniques des Cupressus, sont souvent appelés « cyprès » ou « faux-cyprès » dans le langage courant.",
Pyrus,Pyrus,"Pyrus est un genre de plantes à fleurs de la famille des Rosaceae. C'est le genre des poiriers, arbres qui donnent les poires.",
Phellodendron,Phellodendron,"Phellodendron appelé aussi « arbre au liège de l'Amour » est une espèce d'arbre de la famille des Rutacées.
Originaire du Japon, Corée et de la Chine, il a été introduit en Europe en 1856 pour son liège, mais il ne s'est pas révélé exploitable pour cet usage.",
Gleditsia,Gleditsia,"Gleditsia est un genre de plantes à fleurs de la famille des Fabaceae. Ce sont des arbres originaires d'Amérique du Nord et d'Asie. Ce genre a été nommé en l'honneur de Johann Gottlieb Gleditsch, directeur du Jardin botanique de Berlin, qui mourut en 1786. Comme le robinier, les arbres sont dotés d'épines (issues de la transformation des stipules, des folioles ou des rameaux) qui servent de défense des plantes contre les herbivores.",
Ptelea,Ptelea,"Ptelea est un genre de la famille des Rutacées comprenant une seule espèce, Ptelea trifoliata, l‘Orme de Samarie. C'est un arbuste ou un petit arbre de 6 à 8 m de haut originaire d'Amérique du Nord.",
Sterculia,Sterculia,"Sterculia est un genre botanique de la famille des Malvaceae selon la classification phylogénétique (ou des Sterculiaceae selon la classification classique). Il compte 200 à 300 espèces d'arbres tropicaux. 
Ce genre doit son nom à Sterculius, dieu Romain de la croissance des végétaux (et des engrais) certainement en raison de l'odeur de fumier de l'arbre caca, Sterculia foetida.",
Phillyrea,Phillyrea,"Phillyrea (ou filaria) est un genre d'arbustes de la famille des Oleaceae.
Ce genre regroupe deux espèces de filaires, qui sont des arbustes méditerranéens anémophiles, généralement de garrigue, assez proches de l'olivier.",
Cercis,Cercis,"Cercis est un genre de plantes à fleurs de la famille des Fabaceae (anciennement des Caesalpiniaceae), sous-famille des Caesalpinioideae, présent dans une grande partie de l'hémisphère nord (holarctique). L'espèce la plus connue en France est l'arbre de Judée : Cercis siliquastrum. ",
Punica,Punica,"Punica (les grenadiers) est un genre de plantes à fleurs de la famille des Lythraceae ne comportant que deux espèces. Ce sont des arbres fruitiers à feuilles caduques. La plus connue est le grenadier commun (Punica granatum).
La seule autre espèce du genre, le grenadier de Socotra (Punica protopunica) est endémique de l'île de Socotra. Il se différencie par ses fleurs roses (rouges pour le grenadier commun) et ses fruits plus petits et moins sucrés.",
Castanea,Castanea,"Castanea est un genre d'arbres de la famille des Fagaceae. Les espèces de ce genre sont appelées châtaignier. Il comprend notamment le châtaignier commun (Castanea sativa) renommé pour son fruit, la châtaigne.",
Sequoia,Sequoia,"Sequoia est un genre de conifères de la sous-famille des Sequoioideae (en), dans la famille des Cupressaceae. La seule espèce actuelle est Sequoia sempervirens originaire de la région côtière du nord de la Californie et du sud de l'Oregon. Il comprend les arbres les plus hauts du monde.",
Ailanthus,Ailanthus,"Ailanthus est un genre de plantes à fleurs de la famille des Simaroubaceae. Ce sont les ailantes ou ailanthes.",
Fraxinus,Frêne,"Les frênes sont des arbres constituant le genre Fraxinus (famille des Oléacées). Ils sont reconnaissables à leurs feuilles composées pennées et à leurs grappes de samares simples, localement surnommées « langues d'oiseau ». Une frênaie est une forêt de frênes ou riche en frênes.

On connaît une cinquantaine d'espèces de frênes réparties sous les climats tempérés et subtropicaux de l'hémisphère nord.
Fraxinus excelsior peut atteindre 40 mètres de hauteur à l'âge adulte et vivre 250 ans. En France, on en trouve jusqu'à 1 400 mètres d'altitude.
Les frênes peuvent porter indifféremment des fleurs hermaphrodites, des fleurs mâles et des fleurs femelles, mais on rencontre aussi des arbres exclusivement mâles ou exclusivement femelles. La pollinisation est anémophile (34 espèces) ou entomogame (14 espèces). Les grains de pollen, d'un diamètre de l'ordre de 25 µm, sont produits en abondance et ont un fort potentiel allergisant.",
Betula,Bouleau,"Les bouleaux  (Betula) forment un genre de plantes à fleurs de la famille des bétulacées. La plupart des espèces sont des arbres ; quelques-unes, comme Betula nana, sont des chaméphytes.
Les bouleaux poussent en général sur les terres pauvres et souvent siliceuses, jusqu'à 2 000 m d'altitude, ainsi que dans les régions arctiques. Les bouleaux sont des plantes pionnières qui constituent souvent la première formation arborée lors de la reconquête ou de la colonisation de landes par la forêt. Ils apprécient les sols plutôt acides et humides. Les bouleaux forment des futaies appelées boulaies  ou boulinières ou encore des bétulaies.
Il existe quatre espèces de bouleaux en Europe, dont deux arbres largement répandus : Betula pendula, le bouleau verruqueux, et Betula pubescens, le bouleau pubescent, et deux arbrisseaux des régions arctiques : Betula nana, le bouleau nain, et Betula humilis. De nombreuses autres espèces se rencontrent en Asie et en Amérique du Nord.
En climat tempéré, les bouleaux vivent peu de temps (trente à quarante ans), mais plus au nord (Suède, Finlande, Russie, etc.), ils peuvent vivre jusqu’à cent ans et plus.
Cet arbre à feuilles caduques de la famille des Betulaceae fleurit d'avril à mai. Le bouleau est très connu pour son écorce blanche, lisse et brillante, ses petites feuilles colorées de teintes vert clair au printemps et jaune à l’automne. Sa couleur blanche est due à la bétuline (en), son principal constituant. Le branchage a un port souvent dressé et relativement aéré, filtrant la lumière en été sans la bloquer. Le bouleau est donc considéré comme un bel arbre d'ornement et ses caractéristiques lui permettent de s'adapter à tous les types de jardins. Ses inflorescences sont des chatons allongés de 10 cm de longueur, dressés puis pendants pour les mâles et de 3 cm dressés pour les femelles. Ses fruits sont des samares groupées en chatons. Cet arbre à l'écorce blanche écaillée peut atteindre 20 à 30 m de hauteur et jusqu'à 60 cm de diamètre à la base. Les racines des bouleaux sont peu profondes. On attribue à sa sève, ainsi qu'à son écorce, de nombreuses propriétés médicinales et autres.",
Parrotia,Parrotia,"Parrotia est un genre de plantes à fleurs dicotylédones de la famille des Hamamelidaceae.",
Pteroceltis,Pteroceltis tatarinowii,"Pteroceltis tatarinowii, ou Santal bleu, est une espèce de plantes à fleurs de la famille des Cannabaceae. C'est un arbre endémique en Chine.
Le santal bleu est un arbre à feuilles caduques, pouvant atteindre 20 à 25 m. Son aire de répartition jadis étendue sur 19 provinces chinoises s’est rétrécie par suite de coupes massives.
Les fibres de phloème de son écorce sont utilisées avec de la paille de riz, pour la fabrication traditionnelle du papier Xuan en Chine.",
Cephalotaxus,Cephalotaxus,"Cephalotaxus, appelé communément if à prunes ou pin à queue de vache, est un genre botanique appartenant à la famille des Cephalotaxaceae et comprenant 11 espèces. Le genre est endémique à l'Asie de l'Est, bien que des preuves fossiles montrent qu'il y avait une distribution plus large de l'hémisphère nord dans le passé. Les espèces sont de petits conifères, des arbres à feuilles persistantes, qui peuvent atteindre une hauteur de 1 à 10 m (rarement 20).",
Juglans,Noyer,"Les noyers (Juglans L.) sont un genre d'arbres appartenant à la famille des Juglandacées, originaire des régions tempérées et chaudes principalement de l'hémisphère nord (Eurasie, Amérique du Nord).
Selon Pline l'Ancien et d'autres savants, le nom latin Juglans vient de Jovis glans, « gland de Jupiter ». Son fruit est la noix.",
Quercus,Chêne,"Chêne est le nom vernaculaire de nombreuses espèces d'arbres et d'arbustes appartenant au genre Quercus, et à certains genres apparentés de la famille des fagacées, notamment Cyclobalanopsis et Lithocarpus.
Ce genre, présent dans tout l'hémisphère nord et dont l'aire de répartition s'étend depuis les froides latitudes jusqu'aux zones tropicales de l'Asie et de l'Amérique, comprend à la fois des espèces à feuilles caduques et d'autres à feuilles persistantes.
Là où il est naturellement présent dans son aire de répartition, le chêne abrite des centaines d'autres espèces (notamment après sa vie dans son bois mort), de sorte que certains écologues le qualifient de point chaud de biodiversité.",
Pinus,Pin (plante),"« Pin » est la désignation générique des conifères appartenant au genre Pinus, de la famille des Pinacées. En Haïti, ils sont appelés « bois chandelle » ou « bois pin ».
Ce sont des résineux à feuilles en aiguilles groupées en faisceaux par 2, 3 ou 5 et dont les fructifications sont des cônes constitués d'écailles à l'aisselle desquelles on trouve les graines. Ce genre est de loin le plus important des conifères. Au moins 111 espèces ont été décrites, parmi lesquelles beaucoup sont des essences forestières importantes. Plusieurs espèces, introduites hors de leur habitat naturel sont localement devenues envahissantes.
Les espèces du genre Pinus sont les arbres les plus répandus dans le monde, essentiellement dans l'hémisphère nord bien que souvent naturalisé dans l'hémisphère sud.
D'autres espèces de conifères sont appelées improprement « pins » alors qu'elles ne font pas partie du genre Pinus. C'est le cas du pin d'Oregon, plus souvent appelé « sapin de Douglas » en Europe, qui n'est en fait ni un pin ni un sapin mais un membre du genre Pseudotsuga ; un autre exemple en est le Wollemia nobilis, une espèce d'Araucariaceae, qui est également appelée improprement « pin de Wollemia ».",
Acacia,Acacia,"Robinia pseudoacacia, le Robinier faux-acacia, le Robinier, l'Acacia, le Faux-acacia ou le Carouge, est une espèce de plantes à fleurs de la famille des Fabacées (légumineuses de la sous-famille des Viciaceae). C'est un arbre originaire d'Amérique du Nord.

Cet arbre présente des fleurs zygomorphes caractéristiques des Fabacées. Ses fruits sont des gousses plates contenant les graines, ressemblant aux haricots.",
Cedrus,Cèdre,"Cedrus, le Cèdre, est un genre de conifères de la famille des Pinacées, originaire du Moyen-Orient, d'Afrique du Nord et de l'Himalaya, acclimaté en Europe, comprenant des espèces d'arbres majestueux, à bois odorant, à cime conique ou étalée, très utilisées pour l'ornementation des parcs. Les branches de cette espèce sont étalées horizontalement et en plans superposés.
Le mot « cèdre » vient du latin cedrus, issu lui-même du grec, qui désignait aussi bien le genévrier cade.
Le cèdre (Cedrus libani) est l'arbre symbole du Liban et sa silhouette figure sur le drapeau de ce pays.
Le Maroc et l’Algérie possèdent la principale cédraie (Cedrus atlantica) du bassin méditerranéen, sur 134 000 hectares.  
En Guyane française, le terme « cèdre » recouvre un sens botanique très différent, tandis qu'au Canada, ce mot désigne souvent les thuyas.",
Hovenia,Hovenia,"Hovenia est un genre de plantes à fleurs de la famille des Rhamnaceae. Ce sont des arbres et des arbustes caducs originaires d'Asie. Le raisinier de Chine (Hovenia dulcis) est l'espèce la plus connue du genre.
Le genre doit son nom au sénateur allemand David Hove (1724-1787), qui aida Carl Peter Thunberg à financer son expédition en Afrique du Sud, à Java et au Japon.",
Celtis,Micocoulier,"Celtis, les micocouliers, aussi appelés arbres aux feuilles d'ortie ou falabreguié en Provence, est un genre de plantes à fleurs de la famille des Cannabaceae. Il compte environ 60 à 70 espèces d'arbres à feuilles caduques répandus dans des régions tempérées chaudes de l'hémisphère nord, en Europe méridionale, en Asie orientale et méridionale, et en Amérique. On trouve aussi au moins une espèce, Celtis integrifolia, dans la bande sahélienne.
Anciennement classés dans la famille des Ulmaceae (ou bien dans les Celtidaceae), l'analyse phylogénétique a montré qu'ils appartiendraient à la famille des Cannabaceae.",
Buxus,Buis,"Buxus (les buis) est un genre de plantes dicotylédones de la famille des Buxacées qui regroupe environ 90 espèces originaires de tous les continents (distribution intercontinentale disjointe), présentes principalement dans les régions tropicales et subtropicales.
Il s'agit de petits arbres ou d'arbustes à feuilles opposées persistantes. Certaines espèces exhalent une odeur caractéristique qui pourrait être due à un composé contenant un groupement thiol, le 4-méthyl-4-sulfanylpentan-2-one (4MSP), également identifié dans le sauvignon.
Les principaux centres de diversification du genre se trouvent à Cuba et en Chine. Seules quelques espèces asiatiques et européennes peuvent résister au gel.
Deux espèces sont indigènes en Europe. La première, le buis des Baléares (Buxus balearica), se trouverait encore à l'état sauvage en Andalousie. On en trouve quelques spécimens aux îles Baléares et en Sardaigne. L'autre espèce, très commune, le buis commun (Buxus sempervirens) se trouve dans toute l'Europe continentale et méditerranéenne. Buxus balearica, également appelé « buis de Port Mahon », est peu utilisé en horticulture.",
Aesculus,Aesculus,"Aesculus est un genre d'arbres de la famille des Sapindaceae comprenant une trentaine d'espèces originaires de l'hémisphère nord (Eurasie et Amérique du Nord). Ce genre comprend les différentes espèces de marronniers et de paviers, souvent cultivés comme arbres d'ornement.",
Idesia,Idesia,"Idesia est un genre de plantes à fleurs de la famille des Flacourtiacées en classification classique, ou de la famille des Salicacées en classification phylogénétique APG III (2009), dont les espèces sont originaires de Chine, de Corée et du Japon.",
Araucaria,Araucaria,"Le genre Araucaria est l'un des trois genres de végétaux de la famille des Araucariacées. Le genre doit son nom à la région d'Araucanie (Arauco) au Chili dont sont originaires deux espèces du genre. Des restes fossilisés indiquent qu'au Mésozoïque les Araucaria étaient abondants dans l'hémisphère sud.
Ce sont des conifères aux feuilles en aiguilles ou en écailles triangulaires leur donnant un aspect tout à fait particulier.",
Halesia,Halesia,"Halesia est un genre de plantes à fleurs de la famille des Styracaceae.",
Sequoiadendron,Séquoia géant,"Le Séquoia géant (Sequoiadendron giganteum) est une espèce de conifères de la famille des Taxodiaceae (classification classique) ou des Cupressaceae (classification phylogénétique). Il est l'unique représentant actuel du genre Sequoiadendron.
Endémique des montagnes de la Sierra Nevada en Californie, le Séquoia géant comprend les arbres les plus grands du monde en volume. Un certain nombre de caractères biologiques l'apparentent aux deux autres espèces de la sous-famille des Sequoioideae (en) : le Séquoia à feuilles d'if, qui le dépasse en hauteur et pousse le long des côtes californiennes, et Metasequoia glyptostroboides, plus petit et originaire de Chine.",
Libocedrus,Libocedrus,"Libocedrus est un genre de cinq espèces de conifères de la famille des Cupressaceae, originaire de Nouvelle-Zélande et de Nouvelle-Calédonie. Le genre est étroitement lié à ceux sud-américains Pilgerodendron et Austrocedrus, et au genre néo-guinéen Papuacedrus, tous deux inclus dans Libocedrus par certains botanistes. Les quatre genres forment ensemble un exemple de la répartition de la flore antarctique.
Ces genres sont assez similaires aux genres de l'hémisphère nord Calocedrus et Thuja : autrefois, ce qui est aujourd'hui Calocedrus était parfois inclus dans Libocedrus. Ils sont beaucoup moins étroitement liés, comme cela a été récemment confirmé (Gadek et al. 2000). Le nom générique signifie « cèdre en forme de larme », faisant apparemment référence à des gouttes de résine.",
Pseudotsuga,Pseudotsuga,"Pseudotsuga est un genre d'arbres conifères de la famille des Pinaceae dont le nombre d'espèces à considérer est toujours débattu. Ils se répartissent naturellement en Amérique du Nord et en Asie de l'Est.
L'espèce la plus connue et la plus grande, Pseudotsuga menziesii, appelé en français « douglas », est originaire d'une vaste partie de l'ouest de l'Amérique du Nord et a aussi été largement introduite en Europe et dans d'autres régions du Monde.
Le genre était aussi présent en Europe durant l'ère Tertiaire mais y a disparu durant le Pléistocène, comme beaucoup d'autres genres de conifères disparus d'Europe assez récemment (à l'échelle de l'évolution du vivant) à cause des glaciations.",
Pterocarya,Pterocarya,"Pterocarya (du grec pteron, ""aile"" + karyon, ""noix"") est un genre d'arbre de la famille des Juglandaceae.
Il comprend six espèces d'arbres à feuillage caduc. Elles poussent dans les forêts tempérées et au bord des rivières en Asie orientale, à l'exception du ptérocaryer du Caucase présent dans le Caucase.",
Taxodium,Taxodium,"Taxodium est un genre de conifères qui comprend trois espèces de la famille des Taxodiaceae en classification classique, et des Cupressaceae en classification phylogénétique. Deux de ces espèces, Taxodium ascendens et Taxodium distichum, ont un feuillage caduc, alors que celui de Taxodium mucronatum est persistant comme chez la plupart de conifères. Le nom Taxodium vient du latin taxus, désignant l'if et du grec εἶδος (eidos), signifiant « forme », « semblable à ». Cette étymologie fait référence à son feuillage qui ressemble à celui de l'if.",
Calocedrus,Calocedrus,"Calocedrus (les cèdres à encens) est un genre comprenant trois espèces de conifères, appartenant à la famille des Cupressacées. Originaires de l'ouest des États-Unis, indigènes également en Chine et en Birmanie, ces arbres sont naturalisés en Europe depuis le XIXe siècle et souvent plantés dans les parcs, où ils se détachent par leur haute stature et leur port conique. Malgré leur nom populaire, ils sont beaucoup plus proches des thuyas que des cèdres, en raison notamment de leurs feuilles.",
